id_imagen,id_seqq,descr
1015118661_980735411b.jpg,0,A boy smiles in front of a stony wall in a city
103106960_e8a41d64f8.jpg,0,A boy with a stick kneeling in front of a goalie net
1034276567_49bb87c51c.jpg,0,A boy bites hard into a treat while he sits outside
1042020065_fb3d3ba5ba.jpg,0,A boy in a green shirt is looking down at many inflatable boats
1052358063_eae6744153.jpg,0,A boy takes a jump on his skateboard while another boy with a skateboard watches
1057089366_ca83da0877.jpg,0,A boy descends off the end of a high diving board
106490881_5a2dd9b7bd.jpg,0,A boy in his blue swim shorts at the beach
1075881101_d55c46bece.jpg,0,a boy cleans the bubbles off his face
1077546505_a4f6c4daa9.jpg,0,A boy in blue shorts slides down a slide into a pool
1079274291_9aaf896cc1.jpg,0,A little boy sticks his tongue out for the camera Another boy looks on
1087168168_70280d024a.jpg,0,A boy is jumping on an inflatable ring and a girl is watching him
1095476286_87d4f8664e.jpg,0,A boy jumping in a fountain
1096165011_cc5eb16aa6.jpg,0,a boy smiles underwater
1096395242_fc69f0ae5a.jpg,0,A boy with a toy gun
109671650_f7bbc297fa.jpg,0,A boy in yellow shorts is standing on top of a cliff
1100214449_d10861e633.jpg,0,A boy in s striped shirt is jumping in front of a water fountain
1104133405_c04a00707f.jpg,0,A boy carrying a soccer ball
1118557877_736f339752.jpg,0,A little boy stands in the surf
1131340021_83f46b150a.jpg,0,A young boy runs while wearing sandals
1131932671_c8d17751b3.jpg,0,A boy is jumping on a bed
114051287_dd85625a04.jpg,0,A boy dressed in soccer attire and holding his shoes getting out of a car
114949897_490ca7eaec.jpg,0,A boy hits a ball off of a tee ball into to net
1177994172_10d143cb8d.jpg,0,"Two blonde boys , one in a camouflage shirt and the other in blue , are having a water fight"
118309463_a532b75be9.jpg,0,A boys baseball team wear their uniforms
1204996216_71d7519d9a.jpg,0,A boy lays on a picnic table bench
1207159468_425b902bfb.jpg,0,A boy and a person suspended above a dome structure
1222322358_225067636e.jpg,0,A boy in a red and white shirt is on a swing
1224851143_33bcdd299c.jpg,0,A boy eats with a spoon
1236951314_0308dc4138.jpg,0,A boy in a wetsuit jumps into a pool with a bald man
1236964638_1808784a3c.jpg,0,A boy flips off a diving board into a pool
1244485675_822e6efe60.jpg,0,A boy in a grey and white shirt looking at his reflection
1253275679_e955fb7304.jpg,0,A boy has his head down and is wearing a shirt that says ADHD
1255504166_f2437febcb.jpg,0,A boy playing in a lake
1269470943_ba7fc49b4d.jpg,0,A boy in blue with a football sprawls in the grass
1277743944_f4e8c78403.jpg,0,"A boy dressed in khaki shorts and a red shirt runs on a beach with green , white and blue structures and a half moon behind him"
1285067106_2adc307240.jpg,0,a boy in white plays baseball
1286408831_05282582ed.jpg,0,A boy with his mouth open and tongue sticking out clinging to a bar next to a platform
1287475186_2dee85f1a5.jpg,0,A boy sitting in water
1289142574_2bd6a082dd.jpg,0,A boy jumps from one picnic table to another
1298295313_db1f4c6522.jpg,0,A blonde boy wearing a blue life vest and camo shorts jumps off a diveboard into a blue lake
1299459550_1fd5594fa2.jpg,0,A boy in swimming trunks
1299459562_ed0e064aee.jpg,0,"Three boys in baggy bathing suits play in splashing water in front a of grey , block wall"
1301140633_046e4e8010.jpg,0,a boy in a blue shirt with dirt on his face
1303335399_b3facd47ab.jpg,0,A baby boy wearing a shoulder life saver is at the very edge of an orange pool slide
1307635496_94442dc21a.jpg,0,A boy wearing black sandals runs along the grass
1308472581_9961782889.jpg,0,a boy in blue shirt splashing in water under a dock
1308617539_54e1a3dfbe.jpg,0,A boy is jumping from a body board into the ocean
1313693129_71d0b21c63.jpg,0,A boy and a girl are standing on a river bank facing the water
1317292658_ba29330a0b.jpg,0,a boy enjoys a rain shower
1321949151_77b77b4617.jpg,0,A little boy and a little girl are lying on a black bench surrounded by adults
1322323208_c7ecb742c6.jpg,0,A boy and a girl playing on the beach
1342766791_1e72f92455.jpg,0,A boy pushing another boy up a pole
1343426964_cde3fb54e8.jpg,0,A blond boy in a blue tee shirts stands smiling before a craft of green nylon fabric
134894450_dadea45d65.jpg,0,A boy wearing no shirt and some blue jeans is jumping in the air in the woods
1350811702_2ce7cfd0c5.jpg,0,A young boy casting his fishing line off a pier
1352398363_9cc8ffcce9.jpg,0,A boy is covered with marker
1357689954_72588dfdc4.jpg,0,A boy is attempting to rock-climb a prefabricated wall
1358089136_976e3d2e30.jpg,0,A boy sand surfing down a hill
1363924449_487f0733df.jpg,0,A boy holds his hands on his head
136644343_0e2b423829.jpg,0,A boy rides on a tire swing
1386964743_9e80d96b05.jpg,0,a boy is playing with a camera whilst standing on a dirt track
1389651420_8d95d8f6ed.jpg,0,A boy stands beside a railing at a go kart track
1394620454_bf708cc501.jpg,0,A boy with glasses is standing on top of a rocky peak with hands in his pockets
1394927474_0afdd82fc4.jpg,0,A boy with a green balloon is standing outside of a large building
1396703063_e8c3687afe.jpg,0,"A man in a blue shirt , cowboy hat and a cross neckless walking in front of a carnival or amusement park ride"
1402640441_81978e32a9.jpg,0,A boy in red and blue shorts is trying to catch a soccer ball while running in sand
1402859872_0fc8cf8108.jpg,0,A boy high-fives a mannequin
1406010299_5755339f08.jpg,0,A boy dressed as a pirate glares at the camera while boats sit in the background
141139674_246c0f90a1.jpg,0,A boy hits a baseball with the bat
141140165_9002a04f19.jpg,0,A little boy points to the face of another little boy in base in a baseball game
1414779054_31946f9dfc.jpg,0,A boy jumping off of a cement block
1417941060_2a0f7908bc.jpg,0,A baby plays with a young boys face
1420060020_7a6984e2ea.jpg,0,A boy wears a ninja suit and strikes a pose
1424775129_ffea9c13ab.jpg,0,A little boy walking on railroad tracks
1425485485_d7c97a5470.jpg,0,A girl touches a boys face ; both are smiling
142802798_962a4ec5ce.jpg,0,A boy in a green shirt on a skateboard on a stone wall with graffiti
1428641354_f7453afbea.jpg,0,A woman and a boy are making hamburgers in the kitchen
1430154945_71bbaa094a.jpg,0,A mother helps her little boy eat his food by feeding him by hand
143552829_72b6ba49d4.jpg,0,A boy in a black helmet and red long sleeve shirt rides his motorbike over a rocky stream
143688895_e837c3bc76.jpg,0,A boy climbing a rock face
1439046601_cf110a75a7.jpg,0,A boy is smiling whilst standing in front of a swimming pool
1452361926_6d8c535e32.jpg,0,A boy sits in a toy car while drinking from his sippy cup
1456393634_74022d9056.jpg,0,A boy doing a handstand on the beach
1456630952_dd4778a48f.jpg,0,A boy is catching an orange Frisbee in front of a wooden gate
146098876_0d99d7fb98.jpg,0,A boy and three girls in blue school uniforms walk down a dirt-covered road
146100443_906d87faa2.jpg,0,a girl and two boys dressed up for halloween
1463732807_0cdf4f22c7.jpg,0,A boy on a playground swing strikes a medatative pose
1464120327_d90279ca3a.jpg,0,A little boy presses his face a window
1468962616_5803b4397f.jpg,0,A boy in a pool squirts a bright green water gun
1473250020_dc829a090f.jpg,0,"A boy stands on a rock in a creek , holding a stick"
1473618073_7db56a5237.jpg,0,A boy on a green plastic swing
1476241331_2f43b67aed.jpg,0,A boy and a toddler boy stand by a water fountain
1479028910_3dab3448c8.jpg,0,A boy skateboards and does a jump over another skateboard
1479124077_17dcc0d5d7.jpg,0,A barefoot boy in shorts and a t-shirt jumps in muddy grass
1491192153_7c395991e5.jpg,0,A man putting a little boy wearing orange into a child swing
1500853305_0150615ce9.jpg,0,A girl and a boy hugging on a bridge
1501297480_8db52c15b0.jpg,0,A boy tries to put a screen on a window
1509786421_f03158adfc.jpg,0,A boy points
1527513023_3d8152b379.jpg,0,A little boy plays with a water toy while others watch
1540631615_8b42c1b160.jpg,0,A boy in a red jacket does a gymnastic maneuver on a grassy athletic field
1574401950_6bedc0d29b.jpg,0,A boy jumps from the top of a blue plastic slide
1576185717_f841ddc3da.jpg,0,A boy and girl playing cricket
1580172290_e19067e0dd.jpg,0,A baby and a young boy playing
1580671272_3e99d94305.jpg,0,A boy holds a red bucket up to a pony
1594038143_57f299aa8a.jpg,0,A man in a pink shirt is showing a magic trick to a boy in a blue shirt
1680126311_b92a2e8e72.jpg,0,A boy hitting a soccer ball with his chest
169490297_b6ff13632a.jpg,0,"A boy in a blue , yellow , and orange shirt holding his arms out from his sides"
1714316707_8bbaa2a2ba.jpg,0,A boy in a red jacket smacks a snow covered tree with a stick
172097783_292c5413d8.jpg,0,A boy is wakeboarding on a lake with one hand
1721637099_93e9ec2a2f.jpg,0,A boy laying on clothes
1771490732_0ab5f029ac.jpg,0,Three boys playing soccer in a field
1777816180_08d7e8063b.jpg,0,a boy prepares a jump off a rock
1798215547_ef7ad95be8.jpg,0,A boy wearing navy blue slides down a gray slide
1799188614_b5189728ba.jpg,0,A boy in a swimsuit walking in the sand towards the water
180094434_b0f244832d.jpg,0,A few younger boys play around a fountain
1801663973_5ad393caeb.jpg,0,A girl laying on the tree with a boy kneeling before her
1802092493_7b44fdb6b9.jpg,0,Four young children dressed formally pose for a potrait with the two boys standing in front and the two girls smiling in the back
1805990081_da9cefe3a5.jpg,0,A boy in a striped shirt walking a small dog on a leash
1813777902_07d1d4b00c.jpg,0,a boy dressed as a pirate smiles largley
1814391289_83a1eb71d3.jpg,0,A boy dressed as Spiderman ringing a door bell
1865794069_6e3a1e57bb.jpg,0,A blond boy with a navy blue uniform kicks a soccer ball in an open field
189740668_0b045f1ff2.jpg,0,A boy does a cartwheel on a rock cliff
191003283_992257f835.jpg,0,A little blond boy and a young woman in jeans walk through a plaza
1931690777_897a7d8ab6.jpg,0,Four boys doing a cannonball jump in unison into the pool
1936215201_d03a75cbba.jpg,0,A baby boy plays outside with a blue toy
195962284_e57178054a.jpg,0,A boy in a large pool
197504190_fd1fc3d4b7.jpg,0,Two boys in a field kicking a soccer ball
1975171469_84e425f61b.jpg,0,A boy plays a game
1977827746_4e13d7e19f.jpg,0,A young boy and girl sit in a wagon eating corndogs
1984936420_3f3102132b.jpg,0,a boy caches a fish while a girl points at the fish
2021602343_03023e1fd1.jpg,0,a boy holds a basketball angerly
2021613437_d99731f986.jpg,0,A boy dribbles a basketball in the gymnasium
2021671653_567395c7cf.jpg,0,A boy dressed in denim is running on the sidewalk
2034553054_b00c166895.jpg,0,A boy with a blue hat points towards a bowl full of cork
2042009399_afad34e7c1.jpg,0,A group of boys play flag football while some bystanders watch
2055646179_169807fed4.jpg,0,"A boy holding a hose next to a man while another boy watches on , held by a woman"
2061354254_faa5bd294b.jpg,0,A boy hangs from a t-bar while a man gives him a push
2063277300_f7ff476914.jpg,0,A little girl in stripped tights lays on the laps of a little girl and boy
2064790732_219e52e19c.jpg,0,A boy without a shirt is running in the street while several people stand behind him
2068403258_2669cf9763.jpg,0,A boy gets flipped into the river by another boy
2068960566_21e85ae0dc.jpg,0,A barefoot young boy glances at the camera while swinging in a park
2075493556_b763648389.jpg,0,Three boys in sports casual clothing are posing in front of a blue building
2076906555_c20dc082db.jpg,0,A boy wearing a jean jacket with his hand on his chest smiling at the camera
2079110798_ad1370a646.jpg,0,"A boy sits in the library , reading a book"
2081679622_6f1442367d.jpg,0,A boy in grey pajamas is jumping on the couch
2085078076_b9db242d21.jpg,0,A small boy standing near muddy water with something in his hand while someone beside him washes clothing in buckets
2085255128_61224cc47f.jpg,0,A boy high in the air above the dirt and water near the red rock cliffs
2085557551_7a88d01d4e.jpg,0,A boy holding kitchen utensils and making a threatening face
2090327868_9f99e2740d.jpg,0,"A woman , a little boy , and a tiny baby are standing in front of a cow statue"
2090387793_274ab4cf7d.jpg,0,A boy wearing black walks down the street with his hands in fists
2090545563_a4e66ec76b.jpg,0,the boy laying face down on a skateboard is being pushed along the ground by another boy
2092177624_13ab757e8b.jpg,0,A boy in african clothing runs across a concrete wall
2094810449_f8df9dcdf7.jpg,0,A boy stands in the ocean lifting up his shorts
2095478050_736c4d2d28.jpg,0,A man and a boy play music as little girls watch
2100735137_05c6079537.jpg,0,A little boy jumps on a toy air gun
210126070_0d43b300b9.jpg,0,A boy is being watched as he leaps up in the air on a trampoline
2101808682_0d66ef4a08.jpg,0,"A boy being swarmed by pigeons , marble building in the background"
210686241_b8e069fff3.jpg,0,A boy being drenched in a downpour of water
2107837987_ffecfc367a.jpg,0,A boy stands near water with a stone in his hand
2107838729_a527e434bd.jpg,0,A boy in a blue shirt and white pants stands on the edge of a lake in a town with a church in the background
2120469056_7a738413be.jpg,0,a boy in green shorts swims past a boy in black shorts in an outdoor pool
2121357310_f8235311da.jpg,0,A boy in a swimsuit slides along a stretch of wet plastic
2130851544_d36f4f2ea6.jpg,0,A boy holds a large icicle
2131762850_5293a288d9.jpg,0,A boy in an orange jacket appears unhappy
213216174_0632af65a2.jpg,0,A boy dives into a pool near a water slide
2133650765_fc6e5f295e.jpg,0,A boy jumps into a not-so-crowded public pool
2137071442_1c9658c81a.jpg,0,A boy holds a light saber in front of a Christmas tree
2138487671_5b89104043.jpg,0,A young boy jumping into a lake
2140182410_8e2a06fbda.jpg,0,A boy in black winter clothes sits on an inflated sled by a mound of snow
2147199188_d2d70b88ec.jpg,0,A man holds a boy upside down over a pond
2148013097_6a4f495bc5.jpg,0,Three young boys looking through a window
2149982207_5345633bbf.jpg,0,"A boy wearing a black and blue life vest is on a green , wooden boat looking out towards the water"
2160266952_a2ab39191b.jpg,0,a boy and a girl bouncing on a ball
2169067981_cc19268f23.jpg,0,A boy is leaning on a chair whilst another boy pulls him around with a rope
2170187328_65c2f11891.jpg,0,A boy does a cannonball into a pool while a girl watches
2171154778_8189169336.jpg,0,A boy in dark blue clothes is kneeling while holding a toy
2172526745_649f420569.jpg,0,A boy wearing a red shirt dumps water out of a yellow bucket onto a girl 's head
2173061319_1f267765dc.jpg,0,A boy slides down a snowy hill in an innertube
2180356743_b3a3c9a7f6.jpg,0,A boy standing and watching a group of people on a basketball court
2186087673_c7a73da7ce.jpg,0,A boy is laying his head on the lap of the person who is sitting at a desk
2187222896_c206d63396.jpg,0,"a boy in a red shirt , in front of a long blue wall , raises his eyebrow at the camera"
2188192752_09d9fc5431.jpg,0,A boy runs in a race while onlookers watch
2191453879_11dfe2ba3a.jpg,0,A boy running through a grassy area in a park
2192333873_2a0cbe849d.jpg,0,A boy is flying down a snow covered slope on his sled
2192475933_d779bf42eb.jpg,0,A boy in a wetsuit on a crowded beach
2193223202_4d908c0450.jpg,0,A boy takes a football from another boy
2194286203_5dc620006a.jpg,0,A little girl and boy play in the sand on the beach
2196050115_e236d91f52.jpg,0,a boy is aiming a bow and arrow at a target
2196284168_76417efbec.jpg,0,A baby boy sucks on the sweater arm of the woman holding him
2201192417_d934730fea.jpg,0,a boy runs through the grass
2201222219_8d656b0633.jpg,0,A boy is sitting on a brightly colored chair next to a child 's book playing a guitar
2204277704_f1c8c741ed.jpg,0,A boy in a fancy living room jumps from couch to couch
2205088706_d7e633e00d.jpg,0,a boy in a red jacket is jumping in the sand
2206403470_8c25aa3cf8.jpg,0,A little Jewish boy is watching an old man playing the violin in a park
2208055895_37cd8e1edf.jpg,0,A boy stands inside a half-completed igloo
2208310655_a3d83080c5.jpg,0,a boy is kissing a woman on the cheek next to a girl who is wide eyed and sticking out her tongue
2211593099_4a4f1c85d2.jpg,0,A group of boys pose for a picture
2214847438_4993210d4c.jpg,0,A dark haired boy in a gold shirt is inside a piece of blue plastic play equipment
2218843713_cf28ea319e.jpg,0,A boy in a red shirt sits on a rock on the edge of a river
221973402_ecb1cd51f1.jpg,0,a black dog chases a boy wearing red and blue
2223382277_9efa58ec45.jpg,0,A boy in a red uniform plays hockey outside
2249141510_f534708374.jpg,0,A boy in red is jumping in a playground sand pit
2249264723_d08655d9f2.jpg,0,a boy jumps on the bright colored pillows
2251418114_2b0cd4c139.jpg,0,A boy stands on a rocky mountain
2251747182_6b67a3ab8b.jpg,0,A boy playing basketball in a gym
2252264255_03fefc25af.jpg,0,Two boys eating apples playing on a cement car barrier
2252299132_14ca6e584b.jpg,0,a boy walks
2252403744_148fc11f68.jpg,0,An Asian girl and boy playing on with a yellow ball on a black and white floor
2261550615_b6c25d987b.jpg,0,A man in a cowboy hat is walking through a market and reaching into his pocket
2265096094_8cc34d669c.jpg,0,A donkey pulling a cart with a boy in it takes a brake
2265100168_175f8218af.jpg,0,A laughing boy lies on a pit of blue balls
2265367960_7928c5642f.jpg,0,A boy sitting down smiling for the picture
2266901263_4324af1f03.jpg,0,A woman leads three little boys in soccer uniforms
2267819545_446c5a3e18.jpg,0,A boy appears to be dancing to music in a building filled with people
2268729848_d418451226.jpg,0,A boy hangs onto straps on a train
2271468944_3264d29208.jpg,0,A boy at the beach dumps a bucket of water on another boy 's head
2271755053_e1b1ec8442.jpg,0,A boy with red shorts is holding a basketball in a basketball court
2272548482_0b4aec5cdd.jpg,0,"A boy holds a basketball during a game , while others watch"
2275372714_017c269742.jpg,0,A group of boys pouring soda into a white plastic bucket while a man pumps a bicycle pump
2276120079_4f235470bc.jpg,0,A boy runs as others play on a home-made slip and slide
2277081067_d2b4c98bce.jpg,0,A boy and girl are splashing around in the ocean
2278110011_ba846e7795.jpg,0,A boy in an orange short plays in bubbles
2278776373_fe499a93be.jpg,0,A boy walks near buildings
2279496715_8ef3ee6edb.jpg,0,A little boy is sitting in a wheel barrel while a girl in pink holds the handles
2286032269_8ba929709c.jpg,0,A boy is surfing
2286823363_7d554ea740.jpg,0,A little boy jumping from one chair to another
2289096282_4ef120f189.jpg,0,a boy is riding a buggy down a woodland path
2290589734_b588471345.jpg,0,One boy in a black shirt is grabbing the flag of the boy in the red shirt with the football
2293149170_38fb2257ea.jpg,0,"A boy is lying down in midst of many soft toys , and spiderman quilt"
2293424366_7b5fcd2398.jpg,0,A young boy on a basketball team dribbles the ball
2298661279_016d87ba2f.jpg,0,A boy in red pants getting ready to slide down a metal slide
2299859649_07ca44a222.jpg,0,A boy in a red jacket holding a stick and yelling
2302747917_aa0300eb68.jpg,0,A girl in green is running behind a boy in red in a sports arena whilst a girl in pink is running in the background
2306674172_dc07c7f847.jpg,0,A boy in a blue shirt jumps down stairs on a skateboard
2308256827_3c0a7d514d.jpg,0,A boy walks across a rope structure on a playground
2308978137_bfe776d541.jpg,0,A crowd of boys riding a vehicle
2312746782_4528a5b818.jpg,0,A girl pushes a boy on a swing on a sandy playground
2318721455_80c6644441.jpg,0,A boy in a diaper jumping onto a couch
2322334640_d4d22619ff.jpg,0,a boy rides his ripstik on the street
2322593776_e6aaf69e80.jpg,0,A little boy is on top of a snow mound
2324779494_5e72d29171.jpg,0,A boy dressed for Halloween
2324917982_f3db8c11e9.jpg,0,A boy in blue pajamas plays with a toy
2324979199_4193ef7537.jpg,0,A girl and boy hug each other near a doorway
2325386353_1f1a05e1ce.jpg,0,a boy in a mask holds up two bags of bread
2327240505_e73cc73246.jpg,0,A boy hitting a girl on a skateboard with a plushie snake
2333288869_8c01e4c859.jpg,0,a boy and a woman walk into the ocean
2337809114_899ba61330.jpg,0,A boy and girl are placing a red blindfold over a woman 's eyes
2337919839_df83827fa0.jpg,0,A little boy kicks a soccer ball in the park
2341254813_c53a5ef27a.jpg,0,a boy in a green shirt is jumping with his arms in the air at the end of a bowling alley
2342478660_faef1afea8.jpg,0,A boy wears Mr. Potato head features
2346189044_546ed84aa9.jpg,0,a boy screams
2351479551_e8820a1ff3.jpg,0,A boy wearing blue shorts is doing a back flip in the air under a tree
2352414953_10f3cd0f1f.jpg,0,A boy holding a tube and smiling at the camera
2355578735_286af5b202.jpg,0,A boy in a fuzzy goat holds a craw and looks at it
2355819665_39021ff642.jpg,0,A boy on a bike rides around the neighborhood
2360194369_d2fd03b337.jpg,0,a boy with a fishing pole looking down on a lake
236095031_5cb17dc54a.jpg,0,A boy rock climbs
2362481035_a7600875d0.jpg,0,A blonde boy in green is on a swing
2363006088_b3e3aa5c0b.jpg,0,A little boy chases chickens
2364394224_c17b09e035.jpg,0,A dog runs for a ball thrown by a small boy
2367816288_7c2d11d3c5.jpg,0,A boy cuts a flip in the grass
2369840118_a1c4240ab7.jpg,0,a boy holds a goat in his arms
2370481277_a3085614c9.jpg,0,A group of young boys playing soccer
2371749487_d80195a2e7.jpg,0,A boy pushes another child in a kid-sized car
2371809188_b805497cba.jpg,0,A boy climbs an indoor rock climbing wall
2372572028_53b76104a9.jpg,0,A boy climbs into his toy car
2373234213_4ebe9c4ee5.jpg,0,A boy jumping over another boy on a trampoline
2376694294_9a4ecc3b90.jpg,0,"A boy in a swimming pool , wearing goggles , gives the "" two thumbs up "" sign"
2378149488_648e5deeac.jpg,0,A young boy in a paper crown is sitting in a shopping basket
2381613738_d8d2012e3c.jpg,0,A blonde boy in a brown jacket sits on a tire swing
2384626662_67cdd87694.jpg,0,A boy in an orange shirt and red hat is standing next to a girl with a white shirt and blue pants in the sand next to the ocean
2385744837_8780f6731a.jpg,0,A boy in a red jacket slides down the ice
2391812384_7429b5e567.jpg,0,A child dressed in purple clothing and a hat runs in splashing water while a man and a small boy walk nearby
2392460773_2aa01eb340.jpg,0,A boy is standing open mouthed on the steps that lead down to the water
2393196444_8f4f540f5f.jpg,0,A boy wearing a brown shirt and hat sits on a box next to a girl in front of a store
2393911878_68afe6e6c1.jpg,0,A boy gives being in the snow two thumbs up
2394003437_184a838aa9.jpg,0,A boy in a green shirt and blue jeans riding a segway
2396100671_3a9d67f03d.jpg,0,A boy in a costume is sitting on a bike
2396746868_0727e06983.jpg,0,A boy going down a small blue slide
2399219552_bbba0a9a59.jpg,0,A boy plays basketball
2402793046_3385554e81.jpg,0,A boy climbs a rigging on a boat
2403078014_4b1d6f8bde.jpg,0,A boy riding a unicycle in the park
2406591500_403f145905.jpg,0,One young boy in a striped shirt is chasing another boy on a path through the jungle
2409597310_958f5d8aff.jpg,0,A boy and a baby in a ridable truck
2410562803_56ec09f41c.jpg,0,"A girl using a laptop , another girl , and a boy looking at his cellphone"
2410618963_fb78307d18.jpg,0,A boy in an orange shirt runs across a parking lot with graffiti on the wall behind him
2412390588_a89cab30f4.jpg,0,A boy in a red jacket points at red tulips
241345864_138471c9ea.jpg,0,A boy cheerleader has a girl cheerleader on his knee
2417341107_97dbab9c5e.jpg,0,A boy in black clothes is doing a cartwheel on the beach
2419591925_1038c6c570.jpg,0,A boy in a brown jacket is standing on chains between two wooden posts
2420730259_86e7f8a815.jpg,0,A man holding and kissing a crying little boy on the cheek
242109387_e497277e07.jpg,0,A boy bounces in an inflatable playhouse
2423138514_950f79e432.jpg,0,Two naked boys at a pool
2423292784_166ee54e0b.jpg,0,A boy with a metal colander on his head
2424111022_4e332b8aee.jpg,0,A boy in the woods
2424398046_1a55c71376.jpg,0,A little boy in a black shirt is holding a red guitar
2426781076_e3f4d2685c.jpg,0,A boy speeding down a steep slide
2428959030_bdffc2812e.jpg,0,A boy rides his skateboard up an incline next to a fence
2436160351_108924a65b.jpg,0,One boy rides a tricycle while another walks beside him
2439813616_c9ac54cc9f.jpg,0,A boy skateboards up a concrete ramp
2441313372_6a1d59582b.jpg,0,A boy sleeps in a hospital bed while wearing a cast on his arm
2444935470_7b0226b756.jpg,0,A little boy is standing alone in the a wooded park
2447284966_d6bbdb4b6e.jpg,0,A little boy is holding a skinny baseball bat while standing between two rows of blue seats
2448393373_80c011d301.jpg,0,A boy plays baseball
2451988767_244bff98d1.jpg,0,a boy with his leg wrapped in blue tape
2455286250_fb6a66175a.jpg,0,A boy throws a soccer ball from the sidelines in a soccer game
2457052334_b5a1d99048.jpg,0,A boy with a red shirt climbs a large rock while a man with a red shirt helps him
2458269558_277012780d.jpg,0,a blonde boy in a white and orange t-shirt is playing on a swing
2460126267_0deea8b645.jpg,0,A boy standing on a football field with a colored ball
2460477085_088e25f857.jpg,0,A man and two boys are bouncing on a trampoline
2460797929_66446c13db.jpg,0,A group of 6 boys are wearing yellow life vests and are on a make-shift raft
2460799229_ce45a1d940.jpg,0,asian boys play on a raft in a lake
2460823604_7f6f786b1c.jpg,0,A boy baseball player in a green and yellow jersey leaps for the ball
2461616306_3ee7ac1b4b.jpg,0,A boy is diving through the air into a swimming pool
2462702522_1b25654762.jpg,0,A little boy kneels and prepares to throw a basketball
2465497494_43d74df57c.jpg,0,A boy plays with sand near green grass
2466093839_33bbc8cbd9.jpg,0,A little boy quickly pushes another child on a riding toy
2467853482_17009933e8.jpg,0,A boy blowing bubbles
2470486377_c3a39ccb7b.jpg,0,A boy in a black shirt punches a yellow punching bag while a boy in a blue sweatshirt holds the bag
2470493181_2efbbf17bd.jpg,0,Two boys are standing on a balance beam while playing with a green rope
2470519275_65725fd38d.jpg,0,A boy in a blue shirt climbs through the mud
2472634822_7d5d2858c0.jpg,0,A boy and a dog run through the grass
2472678549_67068a1566.jpg,0,A boy in the bathroom wearing a Spiderman t-shirt holding a ball and a toothbrush
2473293833_78820d2eaa.jpg,0,A young boy wearing a denim jacket sticks his tongue out
2475162978_2c51048dca.jpg,0,A woman carrying a white ball is running behind a small boy
2476214153_99a3998509.jpg,0,A boy in yellow shorts kicks a soccer ball in a basketball court
2478929971_9eb6c074b6.jpg,0,A girl dancing with four boys watching
2480327661_fb69829f57.jpg,0,A boy poses in karate form and uniform
2480850054_de3433b54a.jpg,0,A boy is kicking up dust as he runs in the dirt by a tree
2481003841_06086eafc2.jpg,0,Two little boys are playing on a playground
2484190118_e89363c465.jpg,0,A boy with his hands above his head stands on a cement pillar above the cobblestones
2486364531_b482d7f521.jpg,0,A little boy wearing an orange shirt and white shorts jumps barefoot on a plastic jumper on top of the green grass
248646530_03c6284759.jpg,0,A boy enjoys puddle jumping on the big yellow dot
2493974889_50ae29f1e1.jpg,0,Two boys are walking down a tree lined dirt path
2500354186_0836309cc9.jpg,0,A boy walks through a dusty rocky yard with a bicycle tire on his shoulder
2501595799_6316001e89.jpg,0,A boy wearing red shorts is jumping into a paddling pool
2502935765_a0ae1fa7be.jpg,0,A boy is at a playground on a pole
2505056124_1276e8dbcb.jpg,0,A boy flying a red and white kite
2508918369_2659db1cb6.jpg,0,A young boy splashes in the pool
2510020918_b2ca0fb2aa.jpg,0,A boy crawling through a cement pipeline
2510029990_7014f907cb.jpg,0,A boy slides down a slide with his legs apart
2512682478_b67cc525c7.jpg,0,A boy pushing another boy on the swing
2515247156_c1b759fc33.jpg,0,A boy goes down a blue slide with his eyes closed
2516317118_10ae66b87a.jpg,0,A little boy is putting some cutout letters on the wall
2517082705_93bc9f73ec.jpg,0,A boy poses on a shadow-dappled lawn
2520255786_b70a3ec032.jpg,0,A boy jumps from a swing set
2521062020_f8b983e4b2.jpg,0,A boy getting ready as the man wearing all black straps him into a black harness to climb the wall
2521770311_3086ca90de.jpg,0,A boy holds a picture over his head
2522297487_57edf117f7.jpg,0,A lady holds a little boy while another little boy smiles at them
2526041608_a9775ab8d7.jpg,0,A boy in a yellow uniform carrying a football is blocking another boy in a blue uniform
2527163162_d0fb802992.jpg,0,A boy dressed in a plaid kilt with a brown hat wields a long pole
2528489543_546c1ca81f.jpg,0,"A boy splashes into a pool , ejected from a water slide"
2531942624_c3c072064e.jpg,0,A boy in a green striped top is running barefoot through the sand
2533642917_a5eace85e6.jpg,0,A boy in a bathing suit stands in water
2534652796_c8a23288ab.jpg,0,A girl and boy bounce on large balls
2537119659_fa01dd5de5.jpg,0,A girl drives a toy truck while a young boy plays behind her
2537583012_4a358a6a8a.jpg,0,Two boys rollerblading
2541901399_0a57f4cc76.jpg,0,A little boy walks with a woman wearing red in a wheelchair
2542037086_58c833699c.jpg,0,A blonde haired boy is at the bottom of a slide
2544182005_3aa1332bf9.jpg,0,A little boy with a blue shirt is wearing a helmet and riding a two wheeled bike
2544426580_317b1f1f73.jpg,0,A boy plays with a car
2548777800_d7b9cf1c2b.jpg,0,A boy celebrating with paint on his face and clothing
2552723989_7bc93e0f7b.jpg,0,a boy falls off his red bike
2553550034_5901aa9d6c.jpg,0,A boy climbing a rocky area
2556392380_ee57514233.jpg,0,A boy in a robe sits in a chair
2557129157_074a5a3128.jpg,0,a boy swings on the swing
2558911884_856dfc3951.jpg,0,A group of boys in swim gear is playing in a field surrounded by trees
2559921948_06af25d566.jpg,0,A boy in a yellow shirt is walking on a beach holding a surfboard
2562377955_8d670ccec6.jpg,0,a boy in an orange jersey is about to pitch a baseball
2562463210_d0dfd545ca.jpg,0,A boy in a pool wearing Spiderman floaties
2563578471_9a4e4c2ecc.jpg,0,A boy in black is sitting on a wall near the beach
2564663851_3a9832e4fc.jpg,0,A little boy playing in a water spout
2565618804_8d7ed87389.jpg,0,A boy in a swimsuit sitting on top of a circular fountain
2565657591_6c1cdfc092.jpg,0,A boy is rock climbing
2568417021_afa68423e5.jpg,0,A boy gets ready to shoot a basketball
2570365455_41cc9a7d2b.jpg,0,"Two boys show off their stained , blue tongues"
2578834476_118585730d.jpg,0,A boy mountain bikes down a trail
2579899436_5086a33c7a.jpg,0,A boy in a party hat splashes in the water
2584020755_14e2b3e8fc.jpg,0,A boy poses for the camera at a party
2585141045_b496a7b7c4.jpg,0,"A little boy blows bubbles , which are held by a young woman"
2587106431_1cc0e719c6.jpg,0,"Three boys , dressed in blue and orange , are smiling and using hand signals"
2588625139_fdf6610218.jpg,0,Two boys in denim play with hula hoops
2588927489_f4da2f11ec.jpg,0,A little boy takes a picture at the park
2594042571_2e4666507e.jpg,0,"A boy with an orange shirt smiles , while a boy in a blue shirt looks on"
2594336381_a93772823b.jpg,0,A little boy with a dirty face lays on a colorful rug
2595713720_30534e8de2.jpg,0,A girl in a cowboy hat with a sheep on a leash
2596100297_372bd0f739.jpg,0,Two boys playing in the surf on the beach
2596514158_c516e57974.jpg,0,A boy in a yellow life vest jumping into a pool
2597308074_acacc12e1b.jpg,0,"A boy and a girl at the beach , throwing sand"
2597737483_6518a230e4.jpg,0,A boy goes down a slide
2597873827_a5cb3e57ba.jpg,0,"A boy in shorts kneeling on a tile courtyard , arms outstreached"
2597958208_e03aa149c9.jpg,0,A little boy and a little girl playing together outside
2599903773_0f724d8f63.jpg,0,A boy in a plaid shirt blowing bubbles with a yellow bubble wand
2600170955_bf30c5d5c0.jpg,0,a boy in a green shirt is pushing a shopping cart in which a boy in a yellow shirt is riding
2602866141_be9928408d.jpg,0,A group of boys is watching another boy walk away
2603033456_3584d95116.jpg,0,A boy in a white t-shirt is splashing in shallow water
2603690144_7a28b1d13c.jpg,0,A boy and a dog are running down a hill away from a crowd
2615623392_ab2b9759ae.jpg,0,A girl swings a young boy near an arched doorway
2618322793_5fb164d86a.jpg,0,a boy swinging on a swing
2619267133_53a5904ef4.jpg,0,A young boy in a cowboy hat rides a horse
2622517932_57c52c376f.jpg,0,A boy in a white shirt is looking through the glass at a little creature
2624044128_641b38c0cf.jpg,0,Two boys dressed in white capes running on a path in a field
262439544_e71cd26b24.jpg,0,a boy in a red top is hanging upside down from a tree
2626158969_ac09aeb88d.jpg,0,A boy in a pool tilts his head back
2631300484_be8621d17b.jpg,0,A blonde boy stands among people in a shady setting with a large snake wrapped around his chest
2632111399_b3c1630f8e.jpg,0,"A boy catcher in a helmet , stretching out his gloved hand for a catch"
2633082074_32c85f532c.jpg,0,A boy climbing a tree
2635400219_2e1a984fd3.jpg,0,A middle eastern woman wearing a blue headscarf sits next to a boy in blue clothes
2635908229_b9fc90d3fb.jpg,0,A boy sits on a tree stump
2635938723_11b85e6763.jpg,0,A dark-headed boy is eating a large red Popsicle
2638981862_6b23833f37.jpg,0,Two little boys in tuxedos
2643263887_a32ffb878f.jpg,0,A boy going down a water slide
2646046871_c3a5dbb971.jpg,0,A boy in an open Hawaiian shirt is making the Longhorns symbol with his hand
2646116932_232573f030.jpg,0,A boy hiding behind a tree
2646540383_343e1ec9a4.jpg,0,A boy is jumping forwards down a water slide
2648165716_02e2e74fd6.jpg,0,A boy swings a plastic bat
2651915425_7a58e862e9.jpg,0,A boy smiles and swims in blue water
2655647656_ee450446ed.jpg,0,A boy leaping on to a slip and slide with his friends watching in the background
2656890977_7a9f0e4138.jpg,0,A shirtless dark haired boy in gray shorts is running
2656987333_80dcc82c05.jpg,0,A cowboy covers his head as a jumping horse tramples him
2658360285_a0ec74ef48.jpg,0,A boy is jumping on the grass whist other children are standing around
2659183350_730951f740.jpg,0,A boy in a red and white shirt kicks a large baseball while surrounded by people
2660008870_b672a4c76a.jpg,0,A boy is making a splash in a swimming pool
2661489896_cc3425777e.jpg,0,"A boy in shorts stands , arms outstreched , on a roadway"
2661567396_cbe4c2e5be.jpg,0,A boy in a green shirt is sitting in an almost empty stadium
2665461736_595c87f0a3.jpg,0,"A man in a yellow coat tends a fire , a boy in a parka watches"
2667783499_3a4f38f636.jpg,0,A small boy in blue crawls along a window sill
2672445419_251ce9419a.jpg,0,A boy smiles at the camera
2673564214_3a9598804f.jpg,0,A young boy poses behind the netting of an enclosed play area while three other children play
2674784195_704f6b79d0.jpg,0,Two boys are laying in the ocean close to the beach
2675685200_0913d84d9b.jpg,0,A boy eating at a table
2680990587_eee6bd04fb.jpg,0,A boy is pushing another boy on the swings
2685752892_9d5cd7f274.jpg,0,A boy on a bicycle rides the ledge of water fountain while another boy is in the fountain
2687539673_d54a8dc613.jpg,0,A girl and young boy are jumping on a trampoline in a suburban yard
2689358407_9932f1b20c.jpg,0,A young boy plays in the water fountain
2689491604_d8760f57b4.jpg,0,a boy in an inflatable pool is being splashed with water
2690702549_cf81da8cf6.jpg,0,Four boys mug for the camera in front of a brick wall
2693425189_47740c22ed.jpg,0,A boy holding a large foam wand waves it near a swimming pool
2693539377_5442430f81.jpg,0,a boy and girl riding a roller coaster
2699342860_5288e203ea.jpg,0,A boy wearing a red t-shirt is running through woodland
2701487024_e866eb4550.jpg,0,A boy plays in the ocean with a boogie board
2701603045_6cbdc4ce7c.jpg,0,A boy is wading through water
2704257993_d485058a5f.jpg,0,"Little boy skating in roller rink , two little girls in background"
2705947033_5999147842.jpg,0,Four boys hold toy guns while under a pavillion
2707873672_15e6b5d54b.jpg,0,Two boys wearing brown shirts tug at a rope on a wooden platform
2710416789_555180e399.jpg,0,A chubby Asian boy is wearing glasses
2712352554_1cafd32812.jpg,0,A boy does a skateboard trick off a metal plank
2714878018_1593c38d69.jpg,0,A boy jumping over some water
2715289538_d77c8d0a85.jpg,0,A boy is trying to blow a huge bubble using a giant metal ring
2716457668_187a6d2b1c.jpg,0,A boy wearing sunglasses looks straight ahead
2716903793_fb7a3d8ba6.jpg,0,The two boys play in the field
2718024196_3ff660416a.jpg,0,A boy in a blue bathing suit jumps with his arms in the air in a backyard setting
2729147877_c3ec3445bf.jpg,0,A boy hangs upside down from a metal bar
2729655904_1dd01922fb.jpg,0,Two boys and two dogs are playing in the sand and water at the seashore
2730938963_c4ed3e2258.jpg,0,Three boys leaping into a swimming pool
2731171552_4a808c7d5a.jpg,0,"A boy held by a man points his arm towards the sky , as another boy peers through his hands into the air"
2735558076_0d7bbc18fc.jpg,0,A boy looks suspiciously at someone nearby
2743652730_d909c7ae82.jpg,0,A boy looks out the window at another boy who is spraying the window with water
2745663684_650f84e1e6.jpg,0,A boy in a tank top skateboarding
2746072388_b127f8259b.jpg,0,"A baby boy has spread food all over his arms , face and plate"
2750867389_4b815f793a.jpg,0,A man and a boy behind the wheel of a car
2751694538_fffa3d307d.jpg,0,a man and boy sit in the driver seat
2753531542_ace2c870b7.jpg,0,A boy jumps from a high rock cliff to the water below
2755053974_5cc157512e.jpg,0,A little boy at the steering wheel of a vehicle
2756765580_9e57e10f0d.jpg,0,a boy does a gymnastic trick under a tree
2759211664_d21393b668.jpg,0,A boy in a red shirt and white shorts is standing in the sand
2760371526_63f3d01760.jpg,0,A boy in goggles plays in a pool
2766854400_640e2abe08.jpg,0,A boy wearing an orange shirt has his hair sticking straight up from his head
2768662025_44001fe5d1.jpg,0,a boy runs along the street
2773682293_3b712e47ff.jpg,0,A man and a boy pose for a picture in a stairway overlooking a waterfall
2774430374_fee1d793e7.jpg,0,"A little boy holds a bat waiting for the pitch on a tiled outdoor area wearing a red shirt , white shorts , and blue flip flops that are too big for him"
2774581025_81a3074e2e.jpg,0,A little boy wearing a yellow tank top is laughing
2775249812_f4db95e818.jpg,0,A girl in a white coat stands in the middle of a fountain and a boy in the background laughs
2776029171_5abdd5a22f.jpg,0,A little boy is running on the round playing with a little girl
2777021428_0b2ac3e987.jpg,0,A boy in a hat on a swing
278002947_3fd22a2cb6.jpg,0,A boy with a Mohawk is wearing a navy blue sweatshirt in a crowd of people
2781296531_f6f0f6c0f5.jpg,0,A boy is splashed in the face by a playground toy at a water park
2782850287_1408f7ec43.jpg,0,A girl and boy wearing swimming goggles have their arms around each other
2785108434_cd4a1c949c.jpg,0,A boy is jumping over shallow water near some large rocks
2786245676_0a69543832.jpg,0,A little boy wearing a red wristband grins as he holds something
2787276494_82703f570a.jpg,0,A little boy in green goggles and a white life jacket jumps into the water
2788652511_4f10060e07.jpg,0,A boy with an orange shirt lies on a bodyboard in the surf
2789648482_1df61f224a.jpg,0,A boy jumps off a platform whilst two other boys stand and watch
2795866891_7559fd8422.jpg,0,A boy in shorts doing a skateboard trick
2797149878_bb8e27ecf9.jpg,0,A blond boy in a dark hoodie is holding a fishing rod
279728508_6bd7281f3c.jpg,0,A boy jumps into water fully clothed
2801851082_8c3c480c0f.jpg,0,A blond boy with a rubber innertube over his shoulder
2802337003_56e555cd30.jpg,0,A boy wearing brown shorts pouring water over his head
2807177340_bc85291df5.jpg,0,A boy playing on a playground
2812125355_5e11a76533.jpg,0,A boy eats with chopsticks
2813784259_d201044d71.jpg,0,A boy wearing a white headband is kicking a soccer ball down the field
2814028429_561a215259.jpg,0,A boy balances on something inflatable
281754914_bc8119a0ed.jpg,0,A boy in a yellow polo standing in tall grass
2817847072_5eb3bc30ac.jpg,0,A boy in a soccer uniform running in a field during a game
2822891602_ff61df2ece.jpg,0,A boy in an orange snorkel mask swims underwater
2823200990_7b02b7cc36.jpg,0,A boy jumping off a chair
2823575468_15f6c345fc.jpg,0,A boy in blue shorts running on a concrete surface while holding goggles
2825540754_5e0c13e6b8.jpg,0,A boy in a yellow tank top runs away from a crashing wave
2828583747_8cfb7217af.jpg,0,A boy is walking through a parking lot filled with cars
2830309113_c79d7be554.jpg,0,A closeup of a small boy smiling while holding onto some playground equipment
2830869109_c4e403eae6.jpg,0,A boy and girl playing with buckets in a lawn sprinkler
2833431496_09d999db4d.jpg,0,A boy and a girl are bending under a fence to look over a ledge
2836553263_b1a08c25ea.jpg,0,A boy on his bike stops and looks back at the cameraman
2842865689_e37256d9ce.jpg,0,An African man and a boy are standing behind a coarse wooden table in a blue room
2843695880_eeea6c67db.jpg,0,Two boys stand in an ocean as the sun sets
2844018783_524b08e5aa.jpg,0,Three boys in a building under construction
2844641033_dab3715a99.jpg,0,A black boy in orange and white trucks on playing in the sand
2846037553_1a1de50709.jpg,0,A boy climbing through branches
2846785268_904c5fcf9f.jpg,0,A boy doing a trick on top of a guardrail on inline skates
2848895544_6d06210e9d.jpg,0,A small boy holding a soccer ball for another boy to kick
2848977044_446a31d86e.jpg,0,A cowboy is hanging upside down from a horse
2850719435_221f15e951.jpg,0,A boy in a red shirt and a boy in a yellow shirt are jumping on a trampoline outside
2855417531_521bf47b50.jpg,0,A boy on a chained swing looks to the right and smiles
2856252334_1b1a230e70.jpg,0,A boy in his boxers strikes a powerful pose
2861413434_f0e2a10179.jpg,0,A boy wearing a blue jacket swings a bat at a white ball
2863848437_f2592ab42d.jpg,0,A boy plays goalie at a soccer game
2866529477_7e0c053ebc.jpg,0,A boy wearing a swimming cap and goggles running through water with another child swimming behind him
2868668723_0741222b23.jpg,0,A boy is hanging upside down from a tire swing
2872743471_30e0d1a90a.jpg,0,Four boys are playing at a playground
2873445888_8764699246.jpg,0,A boy in shorts kicks while standing in shallow water
2874876837_80d178ba9b.jpg,0,A boy bouncing on a trampoline
2877088081_7ca408cb25.jpg,0,A boy in jeans and a black shirt skating down a stair rail
2877424957_9beb1dc49a.jpg,0,A young boy and a toddler play in a fountain in front of a building
2878190821_6e4e03dc5f.jpg,0,A boy wearing sunglasses on his head looks at the camera
2881468095_d4ce8c0c52.jpg,0,A boy performing tricks on a brick wall with a skateboard
288177922_b889f2e1fe.jpg,0,One boy follows another at the park
2882893687_1d10d68f2b.jpg,0,A dark haired boy and dark haired girl stand on the grass
2884420269_225d27f242.jpg,0,"There is a man and a boy , both standing on one leg , with at least one arm sticking out"
2885382946_f541ea5722.jpg,0,A boy and two men shooting off a water rocket at the beach
2885891981_6b02620ae9.jpg,0,A boy in a blue shirt and white helmet is riding a white bike
2887103049_a867e74358.jpg,0,A boy jumps a skateboard while a man in a suit looks on
2888386138_578d21033a.jpg,0,A boy is standing on the stairs with his arms folded
2888408966_376c195b3f.jpg,0,A boy does a trick on a skateboard
2888702775_0939a6680e.jpg,0,A boy does a skateboard trick in the courtyard of a European city
2891162278_fbf96be4f4.jpg,0,a boy in a blue shirt is doing a back flip in the air
2891961886_b7a2f0b0fd.jpg,0,A boy skateboards on a cement wall
2892467862_52a3c67418.jpg,0,A boy in a swimsuit is playing in gushing water
2892989340_bb7e0e5548.jpg,0,A boy on a surfboard in midair
2899594400_61b4f6c114.jpg,0,Two boys and a dog playing catch in the water
2902844125_4186bf3ab6.jpg,0,A boy performs a trick on his skateboard on a rail
2904129133_e6ae5a1ec6.jpg,0,A little boy drinks water from a fountain while another little boy watches and makes a face
2905942129_2b4bf59bc0.jpg,0,"A couple of smiling little boys ride together in a plastic chair-swing , one on the other 's lap"
2907244809_07ab2c6b6c.jpg,0,A boy is skateboarding in a skateboard park
2911658792_6a6ef07e3a.jpg,0,A boy jumping ridding a skateboard wearing blue jeans and a red t-shirt with a building in the background with many windows
2911919938_6bb6587a36.jpg,0,A boy getting a shower
2913965136_2d00136697.jpg,0,A boy in a green uniform is kicking a soccer ball in a game while two others stand behind him
2916009941_34a0013803.jpg,0,A little boy leans over a bridge while someone holds onto him
2917057791_3d68a055ca.jpg,0,A boy chases after a bird on a pier
2920969723_83918fe909.jpg,0,A boy rides his skateboard across a pipe on a building
2925737498_57585a7ed9.jpg,0,A boy in a denim jacket is smiling
2928152792_b16c73434a.jpg,0,A boy in a green soccer outfit hangs from a machine
2929506802_5432054d77.jpg,0,a boy pushes a wagon full of pumpkins
2930580341_d36eec8e3c.jpg,0,a boy squirts a squirt gun
2931254547_e97c6d0d63.jpg,0,A boy in a red hat admires a barely dressed woman
2931950813_93145c4746.jpg,0,A boy is posing next to his scooter
2932498509_27cb0038ec.jpg,0,Two boys splashing each other in the ocean
2934379210_4e399e3cac.jpg,0,A boy in a red shirt and jean shorts jumping off a swing
2934801096_230ae78d7e.jpg,0,"A man and a boy standing in front of a sign that says "" HELL """
2947172114_b591f84163.jpg,0,A group of little boys play football in uniforms
2949014128_0d96196261.jpg,0,A boy holding a ball falls down in front of another boy who has his arms reaching out while an older man in a green shirt smiles and watches
2951092164_4940b9a517.jpg,0,A boy and girl in swimwear and arm floaters
2954525375_9d5ca97341.jpg,0,A boy is walking on a floor covered in graffiti
295729735_8360f2e64c.jpg,0,A boy and woman sitting on a passenger train
2960422620_81889a3764.jpg,0,"A boy running in a park filled with pigeons , watched by his father in the background"
2968135512_51fbb56e3e.jpg,0,A boy in a white t-shirt does skateboard tricks
2970183443_accd597e0a.jpg,0,A man and a boy watch a dog leap to catch a ball
2971211296_2587c3924d.jpg,0,A boy in football gear running with the football
2972929655_04233b5489.jpg,0,The boys draw in the sand with sticks
2973638173_0dc21fd443.jpg,0,A boy does a skateboard trick
2974501005_346f74e5d8.jpg,0,A boy does a skateboard jump at a skateboard park
2975073156_7543ed326f.jpg,0,"young , boys one boy is hitting another boy while the third boy smiles in the background"
2976684095_ce7ccfd423.jpg,0,A boy turning a somersault in his yard
2978394277_4572967b97.jpg,0,a boy wearing orange jumps from haystacks
2978735290_7464b12270.jpg,0,a boy jumps on another boy
2980118787_2099de53ec.jpg,0,A boy makes a jump with a dirt bike with the sun setting behind him
2986280913_13fb2d472e.jpg,0,A boy and a dog running on grass
2987328689_96a2d814f1.jpg,0,A boy in a creek throwing a rock
2990471798_73c50c76fb.jpg,0,A boy jumps through the air onto something red
2990977776_1ec51c9281.jpg,0,A boy is doing a stunt with his skateboard
299178969_5ca1de8e40.jpg,0,A boy in blue in trees
2992808092_5f677085b7.jpg,0,Two boys fight for the ball
2992999413_018f48aabc.jpg,0,a boy visits a Amish community
3000428313_8a1e65e20e.jpg,0,A boy in a blue wetsuit is riding a surfboard
3002920707_5d2e6e6aac.jpg,0,A boy and a girl dancing
3007214949_a4b027f8a3.jpg,0,A boy and girl bounce on a trampoline nearby a playground and area of foliage
3009035153_715e39b440.jpg,0,A boy in black is jumping
3009047603_28612247d2.jpg,0,a boy in a stripy shirt is playing with a soccer ball in a grassy park in front of some bushes
3014015906_fdba461f36.jpg,0,Three boys in orange shorts are walking on the rocks beside a woodland stream
3016178284_ec50a09e8c.jpg,0,A boy wearing full riding gear is riding his bike down a paved road
3016759846_062663f8ab.jpg,0,A boy and a girl are dressed in colorful costumes
3019667009_20db160195.jpg,0,A boy dances as another boy stands on a short brick wall
3019842612_8501c1791e.jpg,0,A boy wearing a teal shirt is riding a skateboard on a sidewalk
3021780428_497542a072.jpg,0,A young boy is pushing an adult male in a wheelchair
3023178539_836b50cd43.jpg,0,The boys dressed in athletic wear perform exercises on the grass
3024022266_3528c16ed8.jpg,0,A boy surfs
3024172109_a10198e1dd.jpg,0,A boy in a baseball cap jumps over a flight of stairs
3025438110_40af7e6a80.jpg,0,A boy is jumping over a large hole in the ground
3025513877_1a6160070d.jpg,0,A boy in a hat stands barefoot at the edge of a body of water
3028404926_2bd27e3e83.jpg,0,A boy turns a handcrank in a courtyard
3029928396_99ac250788.jpg,0,A boy in a pumpkin patch making a funny face with his arms in the air
3033741581_136889ac73.jpg,0,A boy stands in a pool outside
3035118753_69287079dc.jpg,0,A blonde boy and a girl in pajamas with make-up
3036641436_d6594fc45f.jpg,0,A boy sits between two girls on a swing
3049649128_d83d847168.jpg,0,A boy playing in a pile of dead leaves
3050264832_4215f2b398.jpg,0,A boy is standing on a snowboard in front of a crowd
3051384385_c5c850c1f8.jpg,0,A boy holding a plate over his head
3054997030_797096dd12.jpg,0,A boy in blue shorts with yellow stripes down the sides is leaping
3060594966_030658d318.jpg,0,A boy in a blue dress shirt dances in a courtyard
306318683_5f1f875191.jpg,0,A boy carries a box across a bridge
3065560742_f6e266ccd9.jpg,0,"A boy playing hockey lies on the ice , injured"
3070713991_8696796937.jpg,0,A boy in a helmet jumps from a makeshift jungle-gym made of tires
3072114570_e1c0127529.jpg,0,"A boy on a bicycle rides with his little brother in a child 's seat , which is tipping"
3074842262_62b1b2168c.jpg,0,A boy kicks through a pile of leaves
3075068274_2a28a5263b.jpg,0,A boy on a skateboard is at the top of a ramp
3078229723_2aa52600de.jpg,0,an african man in blue jeans is holding the hands of two boys that are eating ice creams
3079786914_fe598b0e54.jpg,0,A young boy and girl are playing in a tunnel
3080056515_3013830309.jpg,0,A boy is whispering to a girl wearing a red and white hat and scarf
3082474922_9c3533eaf6.jpg,0,A boy is pushing a sledge through the snow at night
3085973779_29f44fbdaa.jpg,0,A blond hair boy holding a toy airplane is in front of what looks like a colorful toy monster
3096163135_584901a5ae.jpg,0,A boy wears a foam hat to show support for his team at a game
3102363657_dc95fe6850.jpg,0,A boy hugging a bumble bee character
3107463441_7c68606450.jpg,0,A boy in a brown jacket and a girl in a red jacket are sitting on some metal bars with a metal object between them
3116769029_f5a76f04ba.jpg,0,A boy in a tan coat throws some red leaves at the camera
3119875880_22f9129a1c.jpg,0,A boy climbs rocks
3120189281_1938460e85.jpg,0,"A boy , an adult and two dogs running through the snow"
3120953244_b00b152246.jpg,0,A boy blowing bubbles into the camera
3122579598_14841c038a.jpg,0,A playful puppy bites the shirt of a young boy
3124549928_10904a5a83.jpg,0,A boy in a brown jacket holds a large chunk of snow
3125628091_25a31709df.jpg,0,A little boy in pajamas snuggles on a couch with a Santa hat
3130064588_6d1d3fa2dd.jpg,0,Two boys on a boat riding though the water
3132760860_3e743a935d.jpg,0,A boy with a board strapped to his feet does a trick while holding onto some kind of rope
3135826945_f7c741e5b7.jpg,0,a boy wearing yellow reads a book
3139837262_fe5ee7ccd9.jpg,0,A boy in a camouflage coat is jumping onto a snowboard
3141440149_00becbbb93.jpg,0,Two boys are standing in a kitchen
3141613533_595723208d.jpg,0,Two boys standing in an empty corn field in the winter
3146937399_8c046b7b1a.jpg,0,A boy and girl walk in shallow water
3148193539_de9dd48fc8.jpg,0,Three boys all wearing green shirts are climbing on a slide
3148286846_40ae914172.jpg,0,Two boys are sitting in a green kayak on the grass
3151860914_46e30cd5ea.jpg,0,A boy and a dog hold onto the same stick in a game
3155365418_43df5486f9.jpg,0,A boy does a jumping trick on a snowboard
3156113206_53c2a7b5d8.jpg,0,Three boys walk on rocks along a river
3157039116_d82da4e66b.jpg,0,"A blond hair boy in short , short sleeve shirt and sandals in overlooking a snowcapped mountain"
3163563871_cef3cf33ea.jpg,0,A boy in a white shirt and blue shirts is playing tennis
3165826902_6bf9c4bdb2.jpg,0,A boy is skating along a ledge in an indoor skate center
3168841415_c0705a327a.jpg,0,"a boy in a brown shirt , throwing a Frisbee"
3170897628_3054087f8c.jpg,0,A group of boys playing soccer in a muddy wet field
3171250845_5ae0d2a8bc.jpg,0,A boy dressed in a yellow and black snowsuit plays with a brown dog wearing a red collar
3174156702_95a1cda2d9.jpg,0,A boy playing in a mud puddle
3174417550_d2e6100278.jpg,0,A boy on a red snowboard is airborne
3175849727_bf30b892cb.jpg,0,A boy in a red sled is riding down the hill
3176131893_7181c733aa.jpg,0,A group of boys is sitting in a large mud puddle in a grassy field
3177298173_78cea31d64.jpg,0,A boy in a sports uniform chasing a soccer ball
3178005751_fca19815ac.jpg,0,"A boy and girl , both in jeans , are standing in front of a fence"
3178489390_13a6ae7524.jpg,0,Two boys are walking up the beach with a bunch of ducks behind them
3181322965_ce9da15271.jpg,0,"A boy in speedos , wading through a lake"
3183195185_cd0ff994a1.jpg,0,"A man and a boy sitting with their back to a stone wall , the man paying a flute"
3185409663_95f6b958d8.jpg,0,A little boy runs away from the approaching waves of the ocean
3185662156_c877583c53.jpg,0,A boy is riding a red sledge down a snowy hill
3186556417_b2d6921a20.jpg,0,A boy surrounded by pigeons
3187395715_f2940c2b72.jpg,0,a boy on skateboard is making a jump from a blue bench beside a white wall
3192069971_83c5a90b4c.jpg,0,A boy wearing a blue helmet rides a bike with his feet on the handlebars
3193335577_9bdbaf9f70.jpg,0,A boy in a red shirt stands on a mountain
3194134352_bc1b2a25d7.jpg,0,A blond boy wipes his nose on his light blue shirt
3197247245_9c93b60b8a.jpg,0,A boy is jumping a rail on his bicycle
3208074567_ac44aeb3f3.jpg,0,A boy wearing a red shirt is splashed by water
3210705660_2b14b7fb36.jpg,0,A boy and girl are jumping rope together while another girl is holding the rope and turning
3211210739_3dea005fde.jpg,0,A boy jumps in a gymnastic competition
3215238223_29de2b35cb.jpg,0,A boy rides a skateboard with a bike to his right
3215695965_69fbeba3d5.jpg,0,A boy inside a shopping cart
3216762979_813c45a8ec.jpg,0,a boy in a field
3217910740_d1d61c08ab.jpg,0,A teacher is instructing two boys how to use the computer in a class
3219065971_702c4e8c34.jpg,0,A boy and a person off-camera playing a card game
3220200084_3ea129336e.jpg,0,A black woman with a colourful bandanna on her head carrying a sleeping boy in a backpack
3222250187_ef610f267e.jpg,0,A boy in red shorts takes a dive while playing ball with another boy on the beach
3223055565_68973f5d20.jpg,0,A boy in a blue sweatshirt playing Frisbee with two black dogs
3225478803_f7a9a41a1d.jpg,0,A boy is standing at the edge of a wave with the sun setting or rising in the background
3228517564_74b00a923b.jpg,0,a boy in green jacket is riding a small motocross bike through the mud
3229913073_e7857a5966.jpg,0,A little boy streches his body out with his stomach on the grass
3231880001_193a579b97.jpg,0,The boy and girl pose for a picture with a large red flower above their heads
3239021459_a6b71bb400.jpg,0,A boy riding a sled off of a snow ramp
3243020805_2bafc36c45.jpg,0,A boy is wielding a long white stick whilst some people are watching him from behind
3244734844_c318c29c23.jpg,0,"A boy wearing a blue parka , green pants , and white shoes is leaping in a ramp"
3245070961_8977fdd548.jpg,0,A boy in a blue shirt runs while smiling
3245266444_2e798096e6.jpg,0,"A boy in a green shirt surrounded by toys and another boy , wearing a blue shirt with penguins , to his left"
3245460937_2710a82709.jpg,0,A boy jumping to hit a tennis ball with his racket
3250589803_3f440ba781.jpg,0,A group of boys are playing basketball and a boy in a brown shirt is throwing a basketball into the basket
3251646144_d9f4ccca3f.jpg,0,A boy is running in a spinning metal tunnel in the playground
3251648670_9339943ba2.jpg,0,Two boys are running in a metal barrel
3255737244_1f8948fc07.jpg,0,A girl and boy hugging in the cobblestone street
3257207516_9d2bc0ea04.jpg,0,A boy and a woman in Arab costume making peace signs
3258394043_a0b6a94dce.jpg,0,a boy holds up his paper while men stand around a table
3259579174_30a8a27058.jpg,0,A smiling boy with hat playing in the snow
3260088697_af9b6d2393.jpg,0,A boy plays in the surf
3262647146_a53770a21d.jpg,0,A little boy jumps in the air while his younger brother looks on
3263141261_db3a4798b5.jpg,0,A boy in blue runs away from a woman in blue
3264350290_f50494e835.jpg,0,A boy does skateboard tricks on a railing
3265964840_5374ed9c53.jpg,0,A boy on a snowboard leaps through the air
3270047169_2ed289a9af.jpg,0,A boy on a skateboard rides down a red pole
3271178748_630d269811.jpg,0,A group of little boys playing indoor soccer
3271385712_ffd34f2de5.jpg,0,A girl and boy look at each other
3272541970_ac0f1de274.jpg,0,A boy is grinding a skateboard down a concrete wall
3278581900_8ce75a5332.jpg,0,A toddler boy in a sailor suit and a little girl run in the sand
3280672302_2967177653.jpg,0,a boy carries a teenager on his back
3282434895_1c1efc1475.jpg,0,a boy smiles by the pool
3291255271_a185eba408.jpg,0,A boy leans on a baseball bat and holds out one arm outstreached
3295391572_cbfde03a10.jpg,0,A boy plays a game with wooden blocks
3299418821_21531b5b3c.jpg,0,a boy in a red hooded top is ice skating on an outdoor ice rink
3300679815_2c6c2301cb.jpg,0,A troupe of flamboyant clowns
3303797949_339bb969ba.jpg,0,A boy wearing a shirt with an American flag plays with a basketball on the blacktop
3304030264_da3dd18c7b.jpg,0,A boy in black pants and green t-shirt jumps high with his skateboard
3305767464_d64a336f60.jpg,0,A boy in a headband plays drums
3307563498_e2b4f19272.jpg,0,A boy playing on a chain at a beach
3308488725_f91d9aba27.jpg,0,a boy in a blue shirt and blue jeans runs across a playground
3314180199_2121e80368.jpg,0,A boy chasing a yellow ball
3318564834_4ccea90497.jpg,0,"A boy pauses in drawing on a white balloon to smile at the camera , and the girl next to him also smiles at the camera"
3319020762_d429d56a69.jpg,0,A boy is being splashed by a large wave in the sea
3319177177_130a72b8ae.jpg,0,A boy is doing a trick on his skateboard in a park
3320154278_c67e01b8d1.jpg,0,A man helping a boy ride a bicycle
3323528927_7b21081271.jpg,0,A little boy is jumping up and down
3328247381_a9f7fb4898.jpg,0,"two boys , one in yellow shorts and one in red shorts , are playing with body boards in the ocean"
3328646934_5cca4cebce.jpg,0,A blond boy slides down a sand dune on a skateboard with no wheels
3329289652_e09b80e2f3.jpg,0,The boys are playing with Legos
3330675488_8692476a4a.jpg,0,"A girl in a green knit cap stands ready to push a sled , with a little boy behind her"
3330680118_4e541889c1.jpg,0,"A boy , bundled up , siting on a one person sleigh , in the snow"
3331190056_09f4ca9fd2.jpg,0,One white boy and one black boy stand with arms around each other
3333826465_9c84c1b3c6.jpg,0,A man in a costume poses with two young boys
3336374196_f6eaca542f.jpg,0,A boy is doing a skateboard trick outdoors
3336682980_1082a66878.jpg,0,A woman shows off a newborn baby to a young boy and girl
3341077091_7ca0833373.jpg,0,A boy is airborne on his skateboard above a set of rails in an industrial setting
3346040664_5b584e6133.jpg,0,"A boy playing basketball , trying to block a shot"
3346614841_698f9aa486.jpg,0,A boy wearing mirror sunglasses
3348208268_6d97d951eb.jpg,0,A boy in a black cap break dancing
3348385580_10b53391f9.jpg,0,A helmeted boy flies through the air on a snowboard
3348811097_0e09baa26f.jpg,0,A boy jumps off of an open air staircase
3349309109_4024a09a17.jpg,0,A boy and a girl ride on two seperate camels
3349451628_4249a21c8f.jpg,0,A boy in a dusty alley playing stickball
3349955993_a04aea97d8.jpg,0,A group of boys playing street soccer
3351111378_b5d80783a1.jpg,0,A boy on a black surfboard riding the wave on his stomach
3351586010_7ffaa90ea8.jpg,0,A boy is rollerblading in a skate park
3351596152_bf283f03d1.jpg,0,A boy doing a skateboard trick
3351704877_28dea303aa.jpg,0,A boy and a girl are riding on a camel in the sand on the beach
3352791995_8db4979aca.jpg,0,A boy looks up into a woman 's face
3355683198_715fb1a2ac.jpg,0,A boy in a blue and white tie dye t-shirt is skateboarding on the railing of a building
3360823754_90967276ec.jpg,0,A boy jumps high on his skateboard
3366105287_49a4bf71c6.jpg,0,a boy in a purple shirt is doing a skateboard stunt on a wooden ramp beside a white building
3366904106_e996320d20.jpg,0,A boy in an orange shirt grinds a skateboard ramp
3372022051_132b8e6233.jpg,0,A boy is airborne on a bicycle above an urban walkway near a handrail
3373544964_c9f1253b7d.jpg,0,"A boy and his dog are standing on a trampoline , enjoying each others company"
3374384485_751f719be4.jpg,0,A boy on a bicycle in midair after going off of a wooden ramp
3377344932_6dfce93248.jpg,0,A dog is at the top of a blue slide and a little boy is behind him
3380407617_07b53cbcce.jpg,0,A boy is standing on a snowy hill looking at a sunset or sunrise
3382303178_69b6d1bdd2.jpg,0,A boy is riding a skateboard down a slope that leads from a bridge to the street below
3393035454_2d2370ffd4.jpg,0,a boy in a blue top is jumping off some rocks in the woods
3394750987_a32ecc477e.jpg,0,A boy on a skateboard grinding down a handrail
3396036947_0af6c3aab7.jpg,0,A boy on a swing
3396043950_12783c5147.jpg,0,A boy wearing a white apron has is arms out in a communal darts and craft room whilst a boy in blue looks on
3397259310_1ed1a346b5.jpg,0,A boy on a skateboard is on a wall near the water and next to grass
3400041870_4e7732b40f.jpg,0,An Asian boy and girl are walking in a park
3401548798_3a93f2caa5.jpg,0,A boy in a blue hat is riding a green sledge on the snow at dusk
3403370354_5d266873b4.jpg,0,a boy holding a soda can in a waterfall
3404408360_430f73b034.jpg,0,A couple watch as two young boys show them an item outside a barn while two young girls stand off to the side
3405942945_f4af2934a6.jpg,0,A little boy in a black and red striped shirt walks down a grassy hill
3412822878_5d961492e5.jpg,0,A boy performs a skateboarding trick down a set of stairs
3415311628_c220a65762.jpg,0,A man and a boy ride a go kart
3421706363_a3e22a4908.jpg,0,A boy in dark pants and green t-shirt rides his bike up a ramp
3421789737_f625dd17ed.jpg,0,A boy spinning on a blue and yellow merry-go-round
3424605029_53078d3505.jpg,0,A young boy wearing a blue shirt is playing at a park
3425071001_e7c9809ef2.jpg,0,A boy hits a tennis ball on a court
3425414048_fa14d33067.jpg,0,A boy in a Mets jersey poses on his bike
3425835357_204e620a66.jpg,0,A boy doing a handstand in a yellow shirt
3425918361_3b890d9575.jpg,0,A small boy wearing a red helmet rides his bicycle down a patterned path
3426966595_c8c4e1e872.jpg,0,A gorup of boys are playing with a ball in front of a large wooden door
3427614912_b147d083b2.jpg,0,Two boys are sprinting on a running track
3428038648_993a453f9e.jpg,0,A boy holds a fishing net
3429641260_2f035c1813.jpg,0,A boy jumps near a brick structure
3430607596_7e4f74e3ff.jpg,0,A boy in a red suit plays in the water
3430779304_43a2146f4b.jpg,0,Two cowboys on horseback lasso a young calf to the ground
3430782104_34da558eba.jpg,0,A cowboy on a horse ropes a steer
3432550415_e7b77232de.jpg,0,A boy standing on railing
3432586199_e50b0d6cb7.jpg,0,A boy carrying a chunk of snow
3434452829_62cee280bc.jpg,0,A little boy in red walks and eats a snack while a little boy in green walks behind
3442138291_3e75f4bdb8.jpg,0,A boy runs down a concrete hill
3442844140_15aa45e9b8.jpg,0,Two boys are touching the glass of an aquarium with a seal inside
3448490813_f9623e864d.jpg,0,A boy has climbed to the top of a slide
3452411712_5b42d2a1b5.jpg,0,A boy helps to push a young girl on the swing
3457455611_94ee93929f.jpg,0,A boy emerging from a green slide
3457856049_2de173e818.jpg,0,a boy is creating large splashes whilst swimming in the ocean
3458379941_657182bb09.jpg,0,a boy under an umbrella is held by his father who is wearing a blue coat
3459156091_c1879ebe28.jpg,0,a boy is kneeling under a statue of bear that has a painting of a man on its back
3460458114_35037d4d4c.jpg,0,A boy flips out of the pink intertube while a boy in the green tube watches
3463034205_e541313038.jpg,0,A boy is doing tricks with his bike on the ramp
3465606652_f380a38050.jpg,0,A boy holding a racket is standing in the grass
3467843559_a457ce37b6.jpg,0,A group of boys sits near the sidewalk and two are smiling while one makes a face
3469711377_bc29d48737.jpg,0,A boy in a red shirt wearing headphones is standing in front of a roped off kitchen
3470129475_9e58b6742c.jpg,0,A boy does a trick on his bike as other kids watch
3470951932_27ed74eb0b.jpg,0,A boy in a baseball uniform runs the bases
3472540184_b0420b921a.jpg,0,An older boy chases a laughing younger boy on the grass
3475552729_a3abd81ee6.jpg,0,a boy in a grey hat is carrying a soccer ball by a reddish colored wall
3476381830_3751dd9339.jpg,0,a boy wearing a red shirt on a skateboard jumps up some stairs
3477672764_7f07657a26.jpg,0,"A boy in a blue , playing soccer , about to kick the ball"
3477683327_d9e6a2a64f.jpg,0,A man and young boy in waders stand in very shallow water
3477712686_8428614c75.jpg,0,Two boys wrestling in the sand while a man looks on
3478084305_9e1219c3b6.jpg,0,A boy jumps off a short wall with his arms out
3478877323_0a507a601b.jpg,0,An Asian boy and an Asian girl are running through a field of tulips
3479050296_65bcea69a0.jpg,0,"Three kids laugh , a girl in the middle with a red jacket and red tie , a boy on either side"
3482237861_605b4f0fd9.jpg,0,A boy is riding a scooter down the concrete path
3484820303_7be0e914b4.jpg,0,"A boy is on a bicycle , and there is a girl on the back of it with an umbrella"
3486324591_9f5eeb24b9.jpg,0,A boy with a Mohawk chasing geese in a park
3488837187_0c7264a16c.jpg,0,"A baby boy picks at his hair , while holding a red and yellow ball"
3490186050_4cb4193d4d.jpg,0,A boy dribbles a soccer ball in a grass field next to a parking lot
3490517179_76dbd690de.jpg,0,A group of boys in a desert playing with a ball
3490867290_13bcd3a7f0.jpg,0,An Indian boy looks at a black cow whilst a woman in a blue and green sari looks away
3492734013_e6b177ed99.jpg,0,A boy surrounded by pigeons is interacting with a person who is part of a larger crowd
3495349745_1b29a63571.jpg,0,A man helping a boy ride a bike
3496983524_b21ecdb0c7.jpg,0,A boy reads a book
3498354674_b636c7992f.jpg,0,A boy grinds down the handrail of a stairway with his skateboard
3498423815_5b8fc097f4.jpg,0,A boy begins to ride a bike as a man holds the back of it
3502897880_8392d0e4de.jpg,0,A boy in blue jumps his skateboard off some steps while his friends watch
3503471307_464a8f588c.jpg,0,A boy is doing a jumping stunt on a bicycle in a run down street
3504158556_1d410c8ff7.jpg,0,Some young boys hang out around their car
3506607642_40037b3fbf.jpg,0,Two boys go after a soccer ball during a game while a goalie waits
3508522093_51f6d77f45.jpg,0,A boy belly-surfing a skateboard into a pile of autumn leaves
3514188115_f51932ae5d.jpg,0,a boy and girl hold hands walking down a railroad track
3517127930_5dbddb45f6.jpg,0,A boy hits the ball at a baseball game
3519815055_304dc8e8d6.jpg,0,A boy jumping off a yellow spring board
3521374954_37371b49a4.jpg,0,A baby girl and little boy are standing next to a guitar and a drum
3523874798_9ba2fa46e3.jpg,0,a boy in a white shirt and green helmet is riding a skateboard down some steps
3527184455_1a9c074ff2.jpg,0,"A man and a woman holding two young boys are sitting on a park bench , posing for a photograph"
3527926597_45af299eee.jpg,0,A boy on a skateboard is riding on a slope
3532587748_7e64bb223a.jpg,0,A boy is standing on one hand on the pavement
3535768334_a3924bcccd.jpg,0,A boy on his bike is wearing a blue shirt and is in midair
3537452619_3bd79f24e0.jpg,0,A boy on a skateboard balances on a red beam
3537920947_6c5a956f47.jpg,0,A boy skateboards on a wooden bench
3538021517_b930dc76fc.jpg,0,A closeup of two boys playing soccer in their team uniforms
3545652636_0746537307.jpg,0,A boy soccer player running down the field
3547368652_0d85c665d3.jpg,0,A boy leaps off his skateboard over some steps near a house
3549583146_3e8bb2f7e9.jpg,0,a boy with a blue helmet is riding a bike
3553056438_4e611a7a2a.jpg,0,A little boy kisses a little girl as they sit on a hay bale with pumpkins and a Halloween display in the background
3555729342_cc7a3b67fd.jpg,0,A boy and a girl are standing near the water on a beach
3557148230_7fc843e5de.jpg,0,A boy standing on a tricycle
3557324238_6ba58831d9.jpg,0,A boy with glasses on standing in the sand throws a yellow balloon in the air
3559429170_3183c404b9.jpg,0,"A boy wearing a helmet and no shirt , in the air on a bike"
3561537309_e271d57492.jpg,0,A boy in blue shorts standing in the surf
3562302012_0cbcd01ff9.jpg,0,A boy crawls under a house outside
3564436847_57825db87d.jpg,0,a boy in a red shirt riding a skateboard on the street
3564543247_05cdbc31cf.jpg,0,Two boys are in midair jumping into an inground pool
3568065409_1c381aa854.jpg,0,A boy holding a lightsaber jumps in the middle of the street
3568505408_4e30def669.jpg,0,A cowboy is riding a horse whilst spinning a lasso around
3569284680_44fef444ef.jpg,0,A young boy in a red jacket and a young girl in a pink jacket are climbing stairs
3569979711_6507841268.jpg,0,A boy does a flip on the beach
3576741633_671340544c.jpg,0,A boy is in midair doing a skateboard trick at a skate park while two women and a toddler walk behind him
3578477508_b7d839da16.jpg,0,A boy wearing skates sliding down concrete railing of steps near a pole
3580375310_46ec3e476c.jpg,0,A boy plays soccer in a field near an apartment building
3582048078_7bac2d8473.jpg,0,A boy coming out of the pool
3582066525_e9d6377f56.jpg,0,A boy is cliff jumping into the ocean
3583903436_028b06c489.jpg,0,A boy is playing on a green swing in front of a wooden barn
3584561689_b6eb24dd70.jpg,0,A group of boys play basketball together
3584930205_a3f58a4b7c.jpg,0,A boy skateboarding
3585495069_33cba06d0a.jpg,0,A boy in the air trying to dodge a ball thrown at him
3587077732_0933f1677b.jpg,0,a boy runs through the puddle
3587781729_bd21ce7b11.jpg,0,This picture shows a blond-haired boy and brown-haired boy smiling while swinging on a tire swing
3587941206_36769c3f1d.jpg,0,A boy holds the bat waiting for the pitch at a baseball game
3590653633_495de5f288.jpg,0,A boy and a man dressed as rodeo clowns standing in sand
3590654365_fd4819f48b.jpg,0,A bull is tossing a rider off him while several other cowboys try to restrain it
3591170729_406fdb74e5.jpg,0,A boy is on a ramp with his hands down and his feet up on a skateboard
3591458156_f1a9a33918.jpg,0,A cowboy gets kicked off a horse that is bucking
3591461782_687e320042.jpg,0,A cowboy in a white outfit just got bucked off an angry bull
3591462960_86045906bd.jpg,0,A man is roping a bull in a rodeo while others in cowboy hats watch
3595398879_13e33b8916.jpg,0,A little boy jumps into the mans arms
3597146852_3d000a5d5f.jpg,0,A boy is doing a skateboarding trick in the air
3597210806_95b07bb968.jpg,0,A boy dunks a basketball
3597326009_3678a98a43.jpg,0,"A girl 's hands , another person 's feet , and a boy playing bongo drums sit on a picnic table"
3599442049_e448c7c9b2.jpg,0,A boy punching with a spray of snow
3605676864_0fb491267e.jpg,0,A boy with a beach ball behind him playing in a pool
3609027309_af75f773d9.jpg,0,A little boy and a woman dancing
3609952704_3719ab0524.jpg,0,A boy holds a soccer ball while he stands next to a running track
3609999845_faf5d2fe74.jpg,0,"A boy hits a ball , with a bat , outside , while others in the background watch him"
3612249030_e2829ffa31.jpg,0,A boy carries a boogieboard on the beach
3612538549_2828b45867.jpg,0,A boy looks startled as he falls in the sand
3613323772_d15cef66d1.jpg,0,A boy wearing a helmet is jumping his skateboard
3613705104_46d854134e.jpg,0,A boy skateboards off a ramp covered in graffiti
3618908551_7fd2de5710.jpg,0,a boy in a blue t-shirt is airborne on a skateboard in a skate park
3621329299_6fb3f2935c.jpg,0,A boy in a blue shirt is mountain biking on a track and catching air
3623331945_df0f51d7dd.jpg,0,A boy wearing a white hat is running on the beach
3628017876_4ac27e687b.jpg,0,A little boy playing with two rubber chickens
3630332976_fdba22c50b.jpg,0,Boy pulls other boy over back
3635991166_f95304af0a.jpg,0,Four boys are outside at a playground with a green and yellow ball
3636126441_5617c89aaa.jpg,0,A boy flipping off a skateboard going down a flight of stairs
3636632926_09f39f2629.jpg,0,A man and two little boys walk around the outside of what appears to be some kind of store
3638440337_6d5c19a8f0.jpg,0,A boy jumps over a red and black rope at a crowded park
3638688673_176f99d7fd.jpg,0,A boy in a swing
3639845565_be547c38ba.jpg,0,A man in a cowboy hat sits on bleachers near the water and plays guitar
3639967449_137f48b43d.jpg,0,Two boys are sitting in front of a structure eating Popsicles
3643074723_94d42b7a0c.jpg,0,"A boy laying on a sitting swing , face down , wearing a hat backwards"
3647693147_0d0434351b.jpg,0,a boy throws leaves into the air
3648097366_706c8a57a1.jpg,0,A boy doing a skateboard trick off of a flight of stairs while people watch
3652150541_8fb5a3a5d1.jpg,0,A woman applies face paint while a boy with a Mohawk holds a mirror
3652572138_34d6b72999.jpg,0,A boy jumps
3653462288_bfe2360a64.jpg,0,A boy in a green shirt is riding his skateboard in a park while three boys watch
3654869593_c8599a8e20.jpg,0,A few young boys throwing a football over a volleyball net
3658427967_6e2e57458d.jpg,0,A boy in a swimsuit jumping into water
3660826540_481d25fbb0.jpg,0,A boy in a striped oxford shirt points
3661239105_973f8216c4.jpg,0,A boy hanging from a jungle gym
3666188047_e81e1d97a7.jpg,0,A boy rides a game machine
3666537170_c4ecda4be8.jpg,0,A boy in orange and white swimming trunks is falling into water at a beach or lake
3667492609_97f88b373f.jpg,0,A boys jumps into the water upside down
3668259129_e073af1533.jpg,0,A boy skateboarding
3677318686_b018862bb7.jpg,0,A boy in a park playing with two orange balls
3677860841_3aa9d8036c.jpg,0,A boy and a girl playing in the pool on a sunny day
3677954655_df4c0845aa.jpg,0,A boy on a skateboard in midair
3679407035_708774de34.jpg,0,"A brown haired man is wearing a blue shirt that says , "" Boys will do boys """
3683185795_704f445bf4.jpg,0,A girl and a boy watch a dog try to climb a tree
3684680947_f1c460242f.jpg,0,A boy in a red shirt walks down the street through heavy rain
3687222696_85bf6f78f7.jpg,0,A boy wearing a red shirt jumps off the blue slide
3688005475_d200165cf7.jpg,0,A boy is blowing bubble underwater
3689355450_fd559b816d.jpg,0,a boy wearing plaid shorts jumping over a big water fountain
3689727848_b53f931130.jpg,0,A boy tries to catch a ball while jumping into a pool
3691670743_0ed111bcf3.jpg,0,A boy is jumping on skateboard in the middle of a red bridge
3694064560_467683205b.jpg,0,a man talks to a boy
3697153626_90fb177731.jpg,0,A boy holding a rope
3697359692_8a5cdbe4fe.jpg,0,A boy is sitting in a car seat in the backseat of a car
3700004668_99c3e3f55b.jpg,0,A boy with his mouth wide open dressed in a yellow life jacket and goggles in water with a man next to him
3701226275_952547ba0f.jpg,0,A boy is posing with a metal ladle in each hand
3701291852_373ea46bb6.jpg,0,A boy and a girl are standing on the edge of a lake at sunset
3702038926_966fdaa311.jpg,0,A girl runs through an obstacle course outside as some boys watch
3702436188_2c26192fd0.jpg,0,a boy wearing a white shirt and pink shoelaces jumping on a railing
3703107969_175da4b276.jpg,0,a boy performs a stunt on a BMX bike
3703413486_3c682732a0.jpg,0,A boy sticks an aligator puppet out of a camper van window
3705688385_47651205d3.jpg,0,A shirtless boy throwing something with the sunlight low on the water
3708177171_529bb4ff1d.jpg,0,A boy is outside jumping over a flower bush on a skateboard
3709030554_02301229ea.jpg,0,A young boy wearing a red shirt runs along a gravel road
3710050559_f6f12760fe.jpg,0,A baby boy cries while sitting in the grass at the park
3710176138_fbfe00bd35.jpg,0,A boy is making a huge splash in a paddling pool
3710674892_857b8056f7.jpg,0,A boy holds a green apple in his mouth
3711664623_ef87105ea7.jpg,0,A family of two young boys and a woman and man pose in front of a scenic background
371522748_dc557bcd6c.jpg,0,A blonde boy is holding a blue umbrella
3718892835_a3e74a3417.jpg,0,A boy falls off of his scooter during an obstacle course
3722507770_0d6cb7420e.jpg,0,A boy and his bike leaps into the air
3724150944_fc62e8d5e0.jpg,0,A group of young boys on opposing teams are playing soccer
3724487641_d2096f10e5.jpg,0,A bunch of little boys in bathing trunks running
3724759125_2dc0e1f4a3.jpg,0,A boy on a play horse at the park points to the slide
3726076549_0efb38854b.jpg,0,"A boy in jeans , black t-shirt , and blue cap on a bike , leaps over steps"
3736786640_70df13be2c.jpg,0,Two boys are playing on a trampoline
3738789925_7d17dbdf25.jpg,0,A boy with blue eyes hanging off a play set
3739833689_a0038545bd.jpg,0,A little boy puts a bat on his forehead and spins around
3741827382_71e93298d0.jpg,0,A boy in a green shirt above something blue
3744832122_2f4febdff6.jpg,0,A boy pitches in a baseball game
3756150099_50882fc029.jpg,0,A boy peeks his head through a painted picture
3757598567_739b7da835.jpg,0,A little boy with a bib on is watching the camera
3758175529_81941e7cc9.jpg,0,A blond boy slides into a green backyard pool
3759230208_1c2a492b12.jpg,0,A boy at the end of a slip and slide
3759492488_592cd78ed1.jpg,0,A boy hanging onto a pole
382151094_c7376cf22b.jpg,0,A boy is putting the cone end of a melting ice cream cone in his mouth
388386075_9ac3a89ada.jpg,0,a boy plays with a train set
392976422_c8d0514bc3.jpg,0,a boy in a blue shirt is walking along a tan and blue wall
395461421_c586b136de.jpg,0,A group of teenage boys on a road jumping joyfully
404890608_33f138aefa.jpg,0,A group of young boys fight over a bag of trash
405331006_4e94e07698.jpg,0,A man in a blue cowboy hat is riding a white horse
406248253_27b5eba25a.jpg,0,A little girl in a green coat and a boy holding a red sled walk in the snow
408748500_e8dc8c0c4f.jpg,0,a boy wears a red coat
412082368_371df946b3.jpg,0,"A boy holds a blue stick , as a man holds a pinata above him"
412203580_2c7278909c.jpg,0,A boy in red shorts rides a yellow body-board on a breaking wave
422763475_0bc814dac6.jpg,0,A boy drags his sled through the snow
425088533_a460dc4617.jpg,0,A little boy in a red sweater is climbing a tree
438639005_208bc59b0b.jpg,0,A boy in red and a girl pink are walking through a low cut field
448252603_7d928c900e.jpg,0,A boy pointing in a direction on a dirt road
459778335_857d8ffebf.jpg,0,A father with his two kids at the ocean with the young boy flying up in the air
470887795_8443ce53d0.jpg,0,a boy drinks from a glass bottle
475778645_65b7343c47.jpg,0,A boy in a harness climbs a rock wall
476233374_e1396998ef.jpg,0,A little boy and a little girl are playing with pebbles on the beach
47870024_73a4481f7d.jpg,0,A boy in yellow is riding a scooter on the street
483039719_75181b2726.jpg,0,"A teenage boy with a white headband looking right , a crowd in the background"
484896012_7787d04f41.jpg,0,A boy kicks a soccer ball high up
485357535_b45ba5b6da.jpg,0,A boy in a black and white shirt holds a red skateboard as he stands over the Hollywood Stars
489065557_0eb08889cd.jpg,0,A boy jumping from a rope into the water
489134459_1b3f46fc03.jpg,0,a boy and a girl stand in front of a house
493109089_468e105233.jpg,0,A little boy in a red jacket plays on a jungle gym
497791037_93499238d8.jpg,0,a boy jumping off a swing
498957941_f0eda42787.jpg,0,A boy in a blue shirt is running
502115726_927dd684d3.jpg,0,A boy in a striped shirt straddles two railings
503794526_603a7954d3.jpg,0,a boy in a white t-shirt is playing on a swing that is attached to a tree
504904434_889f426c6e.jpg,0,"A boy holding a toy football , runs along a paved path"
505955292_026f1489f2.jpg,0,A boy rides a horse
506882688_b37d549593.jpg,0,"A boy standing next to large fountain , with an office building in the background"
510531976_90bbee22a2.jpg,0,A boy in a white tracksuit is break dancing on the ground in front of a colorful wall
511749704_3037806cb1.jpg,0,A boy rides his skateboard at the park
512306469_1392697d32.jpg,0,A boy with blue face paint sucks his thumb
514905846_b54d13946a.jpg,0,A boy in a shirt and tie jumps off a staircase
518144037_9a1754b2a6.jpg,0,A blonde boy with a long purple Mohawk is playing the violin
518789868_8895ef8792.jpg,0,A boy in a black shirt is inside a structure with wooden ceiling beams
519059913_4906fe4050.jpg,0,A boy doing a back flip into a swimming pool
519061891_320061864e.jpg,0,A little boy is splashing around in the water in a kiddie pool
520491467_54cbc0a866.jpg,0,A little boy and girl are jumping on a trampoline in front of a yellow building
524031846_28b11bc0e5.jpg,0,A boy in swimming trunks is splashing in a swimming pool
524036004_6747cf909b.jpg,0,"A boy in blue and red trunks , with a green ball in his hand is jumping into a pool"
525538142_7348f0bce7.jpg,0,"The two boys , one in orange the other in teal , wrestle in the sand"
526955751_f519d62b58.jpg,0,A boy is riding on an orange body-board in the ocean
527272653_8a5bd818e5.jpg,0,the three boys are all holding onto a flotation device in the water
528498076_43f0ef36b5.jpg,0,A boy jumps on a bed
529101401_ab1f6b1206.jpg,0,A boy jump kicks off a dock into a lake
530454257_66d58b49ee.jpg,0,A boy in camouflage jacket notices several yellow ducks on display
532036676_e88b13e0a1.jpg,0,a boy in a white shirt and jeans in what looks like a black camper
532914728_c5d8d56b0b.jpg,0,A little boy in a striped shirt going down a light and dark blue slide
533713007_bf9f3e25b4.jpg,0,A young boy sits at a picnic table and drinks out of a small cup
533979933_a95b03323b.jpg,0,a boy holding an oar walk through the ocean
535249787_0fcaa613a0.jpg,0,A boy in a red helmet hits a ball with a bat
535399240_0714a6e950.jpg,0,A boy and a girl are riding in a red seat on a fairground ride
537230454_1f09199476.jpg,0,A boy in black waves his arms while other people are behind him on a field
539744890_85e63f5854.jpg,0,A man and young boy play on the monkey bars
539801139_7258ee437f.jpg,0,A little boy playing in the water while its raining and an adult while an adult holds his hand
542317719_ed4dd95dc2.jpg,0,a boy in an orange jacket climbes through a play tunnel
542405691_0594b1ce72.jpg,0,A boy kicks a ball in his living room
543102698_38e7e38bbc.jpg,0,A little boy in a red shirt plays with a park telescope while a girl in a pink skirt watches
55135290_9bed5c4ca3.jpg,0,A boy wearing a red shirt and jeans is doing a flip on his bike
556568556_bc5124dc8e.jpg,0,A boy that is wearing a brown hat and shoes that have red soles is on a swing in a park
559102835_472ff702b5.jpg,0,Two boys and a ball
56489627_e1de43de34.jpg,0,A boy is leading donkeys on a path
566384456_97da3c7bd6.jpg,0,a man gives a fish to a boy
572618443_647483ca82.jpg,0,A man and two boys standing in spraying water
576093768_e78f91c176.jpg,0,Four boys are in the living room talking
578274277_652cae32ba.jpg,0,A boy has his swear gear on
582788646_dc40748639.jpg,0,A blond boy wearing water wings bends down at the beach
597543181_6a85ef4c17.jpg,0,A boy plays on a green swing
608257195_6ec6f48e37.jpg,0,A boy dressed in an orange shirt and a helmet is riding a dirt bike in the woods
633456174_b768c1d6cd.jpg,0,A boy in a black shirt has thrown a snowball that has left a trail of snow behind it in the air
639865690_d66d480879.jpg,0,The two boys are playing with fake swords
673806038_0a3682a83f.jpg,0,A boy in a green wetsuit takes his turn in a water sprinkler and a group of others wait
688940111_325a74674a.jpg,0,A boy holding a cookie and wearing a red hat is looking at the camera
693164706_9624582e69.jpg,0,A boy in a red hooded-coat is riding a pool broom like a horse in an empty pool
693785581_68bec8312a.jpg,0,A boy does a flip while another boy stands on the Matt
696663662_232edd58af.jpg,0,A boy with a broken arm is resting in a bed
708860480_1a956ae0f7.jpg,0,A boy in a swimming pool
710878348_323082babd.jpg,0,A boy jumping in the air on the beach
733965014_1a0b2b5ee9.jpg,0,A boy lays on top of a girl in a field
742073622_1206be8f7f.jpg,0,A boy stands in the road wearing a big red hat
743571049_68080e8751.jpg,0,A boy waves around a sparkler
747921928_48eb02aab2.jpg,0,a boy holds two sparklers
750196276_c3258c6f1b.jpg,0,A boy runs near some steps
751074141_feafc7b16c.jpg,0,A boy being pulled on a shovel
751737218_b89839a311.jpg,0,A boy tries to throw water on another person with his water bottle
757046028_ff5999f91b.jpg,0,A large man in a leather costume plays a big drum beside a little boy playing a little drum
759015118_4bd3617e60.jpg,0,A boy in a blue shirt
762947607_2001ee4c72.jpg,0,A boy walks in a meadow near some trees
766346887_a9a9d0637a.jpg,0,A boy and a girl go down a metal slide
772403830_08b72c7da9.jpg,0,A boy wearing black shorts is jumping into the ocean
775664534_3f6de7d413.jpg,0,A little red-haired boy runs down a grassy hill followed behind by two girls
781118358_19087c9ec0.jpg,0,A curly-haired boy jumps up on a bed
799199774_142b1c3bb2.jpg,0,A boy plays in a pool with an inflatable toy
799431781_65dc312afc.jpg,0,The little boy covering his mouth is sitting between a covering his eyes and another boy covering his ears
812196663_0c969970b5.jpg,0,A black boy and white boy in swimming trunks are hugging each other on a beach or lake
823675317_b5fbdb17b3.jpg,0,a boy in blue carries a bucket
832128857_1390386ea6.jpg,0,A red haired little boy smiles while swinging
836768303_d748df5546.jpg,0,A small blonde boy and another small child are inside a cushion doghouse with a brown dog
839295615_bb9baf2f95.jpg,0,A boy is riding a dolly passed two 1950s cars
848293676_98e73c52c1.jpg,0,A boy in a red suit jumps into a pool
857914283_270d7d1c87.jpg,0,Two blonde boys are playing on a bed
861795382_5145ad433d.jpg,0,A boy in a blue shirt and shorts jumping a bike with a ramp
86542183_5e312ae4d4.jpg,0,Two boys play hockey on a frozen pond
872512911_ca383b40e4.jpg,0,"Large group of people , most setting down on a walkway with two boys standing up holding plates"
873633312_a756d8b381.jpg,0,"A boy in a life jacket jumps onto something yellow , out of frame"
888425986_e4b6c12324.jpg,0,A boy is upside down in midair near a lake at sunset
890734502_a5ae67beac.jpg,0,A boy in a black swimsuit playing near the water
897621891_efb1e00d1d.jpg,0,A boy is swimming underwater holding a toy in his hand
909191414_1cf5d85821.jpg,0,A boy is leaping over a blue hose pipe as a little girl watches
911527312_f81ee36b97.jpg,0,A boy wearing red crocs climbing a tree
933118213_b35b0b62a7.jpg,0,A boy holding a fishing rod
944374205_fd3e69bfca.jpg,0,A group of boys play soccer on the grass while another looks down from a rock
944788251_a0bcd4b960.jpg,0,A boy and a dog on a dock are watching another dog swim away
950411653_20d0335946.jpg,0,a boy jumps into the pool
957230475_48f4285ffe.jpg,0,A boy licks an older male 's face that 's covered in a blue and yellow creamy substance
961611340_251081fcb8.jpg,0,A girl in a tutu and a boy in a costume in a dancefloor
968081289_cdba83ce2e.jpg,0,A boy jumping off of a dock while his friend watches
975131015_9acd25db9c.jpg,0,a blond boy petting a tiger
985067019_705fe4a4cc.jpg,0,A boy goes down an inflatable slide
